<?xml version="1.0" encoding="UTF-8"?>
<!DOCTYPE module PUBLIC
  "-//Puppy Crawl//DTD Check Configuration 1.3//EN"
  "http://www.puppycrawl.com/dtds/configuration_1_3.dtd">
<!--
  Checkstyle configuration based on the sun coding conventions for BCIT COMP 1510 class.
-->
<module name="Checker">
  <property name="severity" value="warning"/>

  <module name="TreeWalker">
    <module name="Indentation">
      <property name="basicOffset" value="4"/>
      <property name="braceAdjustment" value="0"/>
      <property name="caseIndent" value="0"/>
    </module>
    <module name="JavadocMethod">
      <property name="allowUndeclaredRTE" value="true"/>
      <property name="logLoadErrors" value="true"/>
      <property name="suppressLoadErrors" value="true"/>
    </module>
    <module name="JavadocType">
      <property name="authorFormat" value="\S"/>
      <property name="versionFormat" value="\d"/>
    </module>
    <module name="JavadocVariable"/>
    <module name="JavadocStyle">
      <property name="checkEmptyJavadoc" value="true"/>
    </module>
    <module name="ConstantName"/>
    <module name="LocalFinalVariableName"/>
    <module name="LocalVariableName"/>
    <module name="MemberName"/>
    <module name="MethodName"/>
    <module name="ParameterName"/>
    <module name="StaticVariableName"/>
    <module name="TypeName"/>
    <module name="AvoidStarImport"/>
    <module name="IllegalImport"/>
    <module name="RedundantImport"/>
    <module name="UnusedImports"/>
    <module name="ParameterNumber"/>
    <module name="LineLength">
      <property name="ignorePattern" value="^import"/>
      <property name="tabWidth" value="4"/>
    </module>
	<module name="ExecutableStatementCount"/>
    <module name="EmptyForIteratorPad"/>
    <module name="MethodParamPad"/>
    <module name="NoWhitespaceAfter"/>
    <module name="NoWhitespaceBefore"/>
    <module name="OperatorWrap"/>
    <module name="ParenPad"/>
    <module name="TypecastParenPad">
      <property name="tokens" value="RPAREN,TYPECAST"/>
    </module>
    <module name="WhitespaceAfter"/>
    <module name="WhitespaceAround"/>
    <module name="ModifierOrder"/>
    <module name="RedundantModifier"/>
    <module name="AvoidNestedBlocks"/>
    <module name="EmptyBlock"/>
    <module name="LeftCurly"/>
    <module name="NeedBraces"/>
    <module name="RightCurly"/>
    <module name="AvoidInlineConditionals">
      <property name="severity" value="ignore"/>
    </module>
    <module name="EmptyStatement"/>
    <module name="EqualsHashCode"/>
    <module name="HiddenField">
      <property name="ignoreConstructorParameter" value="true"/>
      <property name="ignoreSetter" value="true"/>
    </module>
    <module name="IllegalInstantiation"/>
    <module name="InnerAssignment"/>
    <module name="MagicNumber"/>
    <module name="MissingSwitchDefault"/>
    <module name="RedundantThrows">
      <property name="logLoadErrors" value="true"/>
      <property name="suppressLoadErrors" value="true"/>
    </module>
    <module name="SimplifyBooleanExpression"/>
    <module name="SimplifyBooleanReturn"/>
    <module name="DesignForExtension">
      <property name="severity" value="ignore"/>
    </module>
    <module name="FinalClass"/>
    <module name="HideUtilityClassConstructor">
      <property name="severity" value="ignore"/>
    </module>
    <module name="InterfaceIsType"/>
    <module name="VisibilityModifier"/>
    <module name="ArrayTypeStyle"/>
    <module name="FinalParameters">
      <property name="severity" value="ignore"/>
    </module>
    <module name="TodoComment"/>
    <module name="UpperEll"/>
    <module name="ModifiedControlVariable"/>
    <module name="StringLiteralEquality"/>
    <module name="SuperClone"/>
    <module name="SuperFinalize"/>
    <module name="IllegalCatch"/>
    <module name="IllegalThrows"/>
    <module name="DeclarationOrder"/>
    <module name="ExplicitInitialization"/>
    <module name="DefaultComesLast"/>
    <module name="FallThrough"/>
    <module name="MultipleVariableDeclarations"/>
  </module>
  <module name="JavadocPackage">
    <property name="severity" value="ignore"/>
  </module>
  <module name="NewlineAtEndOfFile"/>
  <module name="Translation"/>
  <module name="FileLength"/>
  <module name="FileTabCharacter"/>
  <module name="RegexpSingleline">
    <property name="severity" value="ignore"/>
    <property name="format" value="\s+$"/>
    <property name="message" value="Line has trailing spaces."/>
  </module>
</module>
